Section Number,Section Name,Every Project,Other section that always accompanies this one (1),Other section that always accompanies this one (2),Other section that always accompanies this one (3),"Is the project a new building,  addition/renovation or renovation?
New Building","Is the project a new building, addition/renovation or renovation?
Addition/Renovation","Is the project a new building, addition/renovation or renovation?
Renovation","Does the project require demolition?
Yes","Is the project multiple stories?
Yes (New Building, Addition, Addition/Renovation)","Is the project multiple stories?
Yes (Renovation)","What are the opaque exterior materials? (Select as many as applicable)
Masonry","What are the opaque exterior materials? (Select as many as applicable)
Stone","What are the opaque exterior materials? (Select as many as applicable)
Metal Panel","What are the opaque exterior materials? (Select as many as applicable)
Fiber Cement Panel","What are the opaque exterior materials? (Select as many as applicable)
Terra Cotta","What are the opaque exterior materials? (Select as many as applicable)
Phenolic Panel","What are the opaque exterior materials? (Select as many as applicable)
EIFS","What are the opaque exterior materials? (Select as many as applicable)
Precast Concrete","What are the opaque exterior materials? (Select as many as applicable)
Cast Stone","What are the opaque exterior materials? (Select as many as applicable)
Architectural Concrete","Do you have CMU backup for the opaque exterior walls?
Yes","What are the anticipated floor finishes? (Select as many as applicable)
Carpet","What are the anticipated floor finishes? (Select as many as applicable)
Resilient Flooring","What are the anticipated floor finishes? (Select as many as applicable)
Tile","What are the anticipated floor finishes? (Select as many as applicable)
Wood","What are the anticipated floor finishes? (Select as many as applicable)
Terrazzo","Are there any special ceiling materials? (Select as many as applicable)
Acoustical Gypsum Board","Are there any special ceiling materials? (Select as many as applicable)
Acoustical Baffles","Are there any special ceiling materials? (Select as many as applicable)
Wood","Are there any special ceiling materials? (Select as many as applicable)
Metal",,,
00 00 01,Cover Page,x,,,,,,,,,,,,,,,,,,,,,,,,,,,,,,,,
00 01 01,Title Page,,,,,,,,,,,,,,,,,,,,,,,,,,,,,,,,,
00 01 07,Professional Seals Page,,,,,,,,,,,,,,,,,,,,,,,,,,,,,,,,,
00 01 10,Table of Contents,x,,,,,,,,,,,,,,,,,,,,,,,,,,,,,,,,
00 01 15,List of Drawing Sheets,,,,,,,,,,,,,,,,,,,,,,,,,,,,,,,,,
00 91 13,Addenda,,,,,,,,,,,,,,,,,,,,,,,,,,,,,,,,,
01 00 00,General Requirements,,,,,,,,,,,,,,,,,,,,,,,,,,,,,,,,,
01 10 00,Summary,,,,,,,,,,,,,,,,,,,,,,,,,,,,,,,,,
01 13 00,Delegated Design Requirements,x,,,,,,,,,,,,,,,,,,,,,,,,,,,,,,,,
01 21 00,Allowances,,,,,,,,,,,,,,,,,,,,,,,,,,,,,,,,,
01 22 00,Unit Prices,,,,,,,,,,,,,,,,,,,,,,,,,,,,,,,,,
01 23 00,Alternates,,,,,,,,,,,,,,,,,,,,,,,,,,,,,,,,,
01 25 00,Substitution Procedures,x,,,,,,,,,,,,,,,,,,,,,,,,,,,,,,,,
01 26 00,Contract Modification Procedures,x,,,,,,,,,,,,,,,,,,,,,,,,,,,,,,,,
01 29 00,Payment Procedures,x,,,,,,,,,,,,,,,,,,,,,,,,,,,,,,,,
01 31 00,Project Management and Coordination,x,,,,,,,,,,,,,,,,,,,,,,,,,,,,,,,,
01 31 06,Coordination Drawings,,,,,x,x,,,,,,,,,,,,,,,,,,,,,,,,,,,
01 32 00,Construction Progress Documentation,x,,,,,,,,,,,,,,,,,,,,,,,,,,,,,,,,
01 32 33,Photographic Documentation,,,,,,,,,,,,,,,,,,,,,,,,,,,,,,,,,
01 33 00,Submittal Procedures,x,,,,,,,,,,,,,,,,,,,,,,,,,,,,,,,,
01 35 13,Hospital Project Procedures,,,,,,,,,,,,,,,,,,,,,,,,,,,,,,,,,
01 40 00,Quality Requirements,x,,,,,,,,,,,,,,,,,,,,,,,,,,,,,,,,
01 42 00,References,,,,,,,,,,,,,,,,,,,,,,,,,,,,,,,,,
01 43 39,Mockup Requirements,,,,,,,,,,,,,,,,,,,,,,,,,,,,,,,,,
01 45 33,Code Required Special Inspections and Procedures,,,,,x,x,,,,,,,,,,,,,,,,,,,,,,,,,,,
01 50 00,Temporary Facilities and Controls,x,,,,,,,,,,,,,,,,,,,,,,,,,,,,,,,,
01 56 39,Temporary Tree and Plant Protection,,,,,,,,,,,,,,,,,,,,,,,,,,,,,,,,,
01 57 19,Temporary Environmental Controls,,,,,,,,,,,,,,,,,,,,,,,,,,,,,,,,,
01 57 20,Temporary Noise and Dust Mitigation,,,,,,x,x,x,,,,,,,,,,,,,,,,,,,,,,,,,
01 58 13,Temporary Project Identification Sign,,,,,,,,,,,,,,,,,,,,,,,,,,,,,,,,,
01 60 00,Product Requirements,x,,,,,,,,,,,,,,,,,,,,,,,,,,,,,,,,
01 73 00,Execution,x,,,,,,,,,,,,,,,,,,,,,,,,,,,,,,,,
01 73 29,Cutting and Patching,,,,,,x,x,x,,,,,,,,,,,,,,,,,,,,,,,,,
01 74 19,Construction Waste Management and Disposal,x,,,,,,,,,,,,,,,,,,,,,,,,,,,,,,,,
01 77 00,Closeout Procedures,x,,,,,,,,,,,,,,,,,,,,,,,,,,,,,,,,
01 78 23,Operation and Maintenance Data,x,,,,,,,,,,,,,,,,,,,,,,,,,,,,,,,,
01 78 39,Project Record Documents,x,,,,,,,,,,,,,,,,,,,,,,,,,,,,,,,,
01 79 00,Demonstration and Training,x,,,,,,,,,,,,,,,,,,,,,,,,,,,,,,,,
01 81 13,Sustainable Design Requirements,,,,,,,,,,,,,,,,,,,,,,,,,,,,,,,,,
02 41 16,Structure Demolition,,,,,,,,x,,,,,,,,,,,,,,,,,,,,,,,,,
02 41 19,Selective Demolition,,,,,,x,x,x,,,,,,,,,,,,,,,,,,,,,,,,,
02 87 16,Bird Excrement Removal,,,,,,,,,,,,,,,,,,,,,,,,,,,,,,,,,
03 33 00,Architectural Cast-In-Place Concrete,,,,,,,,,,,,,,,,,,,,x,,,,,,,,,,,,,
03 35 20,Stained Concrete,,,,,,,,,,,,,,,,,,,,,,,,,,,,,,,,,
03 35 43,Polished Concrete Finishing,,,,,,,,,,,,,,,,,,,,,,,,,,,,,,,,,
03 45 00,Precast Architectural Concrete,,,,,,,,,,,,,,,,,,x,,,,,,,,,,,,,,,
03 45 33,Precast Architectural Pretensioned Concrete Cladding,,,,,,,,,,,,,,,,,,x,,,,,,,,,,,,,,,
03 48 13,Precast Concrete Bollards,,,,,,,,,,,,,,,,,,,,,,,,,,,,,,,,,
03 48 19,Precast Concrete Stair Treads,,,,,,,,,,,,,,,,,,,,,,,,,,,,,,,,,
03 49 00,Glass-Fiber Reinforced Concrete (GFRC),,,,,,,,,,,,,,,,,,,,,,,,,,,,,,,,,
03 54 13,Gypsum Cement Underlayment,,,,,,,,,,,,,,,,,,,,,,,,,,,,,,,,,
03 54 16,Cement-Based Underlayment ,,,,,,,,,,,,,,,,,,,,,,,,,,,,,,,,,
03 92 50,Concrete Repair Mortars,,,,,,,,,,,,,,,,,,,,,,,,,,,,,,,,,
04 01 00,Maintenance of Masonry,,,,,,,,,,,,,,,,,,,,,,,,,,,,,,,,,
04 01 10,Masonry Cleaning   ,,,,,,,,,,,,,,,,,,,,,,,,,,,,,,,,,
04 01 13,Adhered Stone Masonry Veneer,,,,,,,,,,,,,,,,,,,,,,,,,,,,,,,,,
04 01 21,Brick Masonry Repair  ,,,,,,,,,,,,,,,,,,,,,,,,,,,,,,,,,
04 01 41,Stone Repair   ,,,,,,,,,,,,,,,,,,,,,,,,,,,,,,,,,
04 05 23,Adjustable Concealed Lintel System,,,,,,,,,,,,,,,,,,,,,,,,,,,,,,,,,
04 20 00,Unit Masonry,,,,,,,,,,,x,,,,,,,,,,x,,,,,,,,,,,,
04 22 00,Concrete Unit Masonry,,,,,,,,,,,,,,,,,,,,,,,,,,,,,,,,,
04 23 00,Glass Unit Masonry   ,,,,,,,,,,,,,,,,,,,,,,,,,,,,,,,,,
04 26 13,Masonry Veneer,,,,,,,,,,,,,,,,,,,,,,,,,,,,,,,,,
04 42 00,Exterior Stone Cladding   ,,,,,,,,,,,,x,,,,,,,,,,,,,,,,,,,,,
04 43 13,Anchored Stone Masonry Veneer,,,,,,,,,,,,,,,,,,,,,,,,,,,,,,,,,
04 72 00,Cast Stone,,,,,,,,,,,,,,,,,,,,,,,,,,,,,,,,,
04 73 00,Manufactured Stone Masonry,,,,,,,,,,,,,,,,,,,,,,,,,,,,,,,,,
04 73 13,Calcium Silicate Masonry Units,,,,,,,,,,,,,,,,,,,,,,,,,,,,,,,,,
04 78 00,Thin Brick Siding System,,,,,,,,,,,,,,,,,,,,,,,,,,,,,,,,,
05 01 71,Decorative Metal Cleaning   ,,,,,,,,,,,,,,,,,,,,,,,,,,,,,,,,,
05 12 13,Architecturally Exposed Structural Steel Framing,,,,,,,,,,,,,,,,,,,,,,,,,,,,,,,,,
05 43 00,Slotted Chanel Framing,,,,,,,,,,,,,,,,,,,,,,,,,,,,,,,,,
05 45 23,Healthcare Metal Supports,,,,,,,,,,,,,,,,,,,,,,,,,,,,,,,,,
05 50 00,Metal Fabrications,,,,,x,x,,,,,,,,,,,,,,,,,,,,,,,,,,,
05 50 05,Steel Pipe Bollard ,,,,,,,,,,,,,,,,,,,,,,,,,,,,,,,,,
05 51 13,Metal Pan Stairs,,,,,,,,,x,,,,,,,,,,,,,,,,,,,,,,,,
05 51 15,Decorative Metal Stairs,,,,,,,,,,,,,,,,,,,,,,,,,,,,,,,,,
05 51 16,Metal Floor Plate Stairs,,,,,,,,,,,,,,,,,,,,,,,,,,,,,,,,,
05 51 19,Metal Grating Stairs ,,,,,,,,,,,,,,,,,,,,,,,,,,,,,,,,,
05 51 33,Inclined Metal Ladders,,,,,,,,,,,,,,,,,,,,,,,,,,,,,,,,,
05 51 36,Metal Grate Catwalks ,,,,,,,,,,,,,,,,,,,,,,,,,,,,,,,,,
05 52 13,Steel Pipe and Tube Railings,,,,,,,,,,,,,,,,,,,,,,,,,,,,,,,,,
05 52 14,Aluminum Pipe and Tube Railings,,,,,,,,,,,,,,,,,,,,,,,,,,,,,,,,,
05 52 16,Stainless Steel Pipe and Tube Railings,,,,,,,,,,,,,,,,,,,,,,,,,,,,,,,,,
05 52 20,Vehicular Barrier Cable System,,,,,,,,,,,,,,,,,,,,,,,,,,,,,,,,,
05 53 13,Bar Gratings,,,,,,,,,,,,,,,,,,,,,,,,,,,,,,,,,
05 53 16,Plank Gratings ,,,,,,,,,,,,,,,,,,,,,,,,,,,,,,,,,
05 53 19,Expanded Metal  Gratings ,,,,,,,,,,,,,,,,,,,,,,,,,,,,,,,,,
05 58 13,Column Covers ,,,,,,,,,,,,,,,,,,,,,,,,,,,,,,,,,
05 70 00,Decorative Metal,,,,,,,,,,,,,,,,,,,,,,,,,,,,,,,,,
05 71 00,Decorative Metal Stairs,,,,,,,,,,,,,,,,,,,,,,,,,,,,,,,,,
05 71 13,Fabricated Metal Spiral Stairs,,,,,,,,,,,,,,,,,,,,,,,,,,,,,,,,,
05 73 00,Decorative Metal Railings,,,,,,,,,,,,,,,,,,,,,,,,,,,,,,,,,
05 73 13,Glazed Decorative Metal Railings ,,,,,,,,,,,,,,,,,,,,,,,,,,,,,,,,,
05 73 16,Wire Rope Decorative Metal Railings ,,,,,,,,,,,,,,,,,,,,,,,,,,,,,,,,,
05 74 03,Retractable Bollards ,,,,,,,,,,,,,,,,,,,,,,,,,,,,,,,,,
05 75 00,Decorative Formed Metal,,,,,,,,,,,,,,,,,,,,,,,,,,,,,,,,,
06 10 53,Miscellaneous Rough Carpentry,x,,,,,,,,,,,,,,,,,,,,,,,,,,,,,,,,
06 15 33,Wood Patio Decking   ,,,,,,,,,,,,,,,,,,,,,,,,,,,,,,,,,
06 16 00,Sheathing     ,,,,,x,x,,,,,,,,,,,,,,,,,,,,,,,,,,,
06 20 13,Exterior Finish Carpentry,,,,,,,,,,,,,,,,,,,,,,,,,,,,,,,,,
06 20 23,Interior Finish Carpentry,,,,,,,,,,,,,,,,,,,,,,,,,,,,,,,,,
06 40 13,Exterior Architectural Woodwork,,,,,,,,,,,,,,,,,,,,,,,,,,,,,,,,,
06 40 23,Interior Architectural Woodwork,,,,,x,x,,,,,,,,,,,,,,,,,,,,,,,,,,,
06 41 13,Wood-Veneer-Faced Architectural Cabinets,,,,,x,x,,,,,,,,,,,,,,,,,,,,,,,,,,,
06 41 16,Plastic-Laminate-Faced Architectural Cabinets,,,,,x,x,,,,,,,,,,,,,,,,,,,,,,,,,,,
06 42 14,Stile and Rail Wood Paneling,,,,,,,,,,,,,,,,,,,,,,,,,,,,,,,,,
06 42 16,Wood Veneer Paneling,,,,,,,,,,,,,,,,,,,,,,,,,,,,,,,,,
06 42 19,Plastic Laminate Faced Wood Paneling,,,,,,,,,,,,,,,,,,,,,,,,,,,,,,,,,
06 42 23,Solid MDF Paneling,,,,,,,,,,,,,,,,,,,,,,,,,,,,,,,,,
06 44 00,Ornamental Woodwork,,,,,,,,,,,,,,,,,,,,,,,,,,,,,,,,,
06 60 00,Decorative Plastic Fabrications,,,,,,,,,,,,,,,,,,,,,,,,,,,,,,,,,
06 61 16,Solid Surface Shower Surrounds,,,,,,,,,,,,,,,,,,,,,,,,,,,,,,,,,
06 64 00,Plastic Paneling,,,,,,,,,,,,,,,,,,,,,,,,,,,,,,,,,
06 64 36,Fiberglass Reinforced Plastic Paneling,,,,,,,,,,,,,,,,,,,,,,,,,,,,,,,,,
06 71 13,Composite Recycled Paper Panels,,,,,,,,,,,,,,,,,,,,,,,,,,,,,,,,,
06 74 13,Fiberglass Grating ,,,,,,,,,,,,,,,,,,,,,,,,,,,,,,,,,
07 01 50,Preparation for Re-Roofing ,,,,,,,,,,,,,,,,,,,,,,,,,,,,,,,,,
07 01 50,Roof Removal ,,,,,,,,,,,,,,,,,,,,,,,,,,,,,,,,,
07 01 53,Roof Modification ,,,,,,,,,,,,,,,,,,,,,,,,,,,,,,,,,
07 11 13,Bituminous Dampproofing     ,,,,,,,,,,,,,,,,,,,,,,,,,,,,,,,,,
07 13 26,Self-Adhering Sheet Waterproofing,,,,,x,x,,,,,,,,,,,,,,,,,,,,,,,,,,,
07 13 53,Elastomeric Sheet Waterproofing    ,,,,,x,x,,,,,,,,,,,,,,,,,,,,,,,,,,,
07 13 54,Thermoplastic Sheet Waterproofing    ,,,,,x,x,,,,,,,,,,,,,,,,,,,,,,,,,,,
07 14 13,Hot Fluid-Applied Rubberized Asphalt Waterproofing,,,,,x,x,,,,,,,,,,,,,,,,,,,,,,,,,,,
07 14 16,Cold Fluid-Applied Waterproofing,,,,,x,x,,,,,,,,,,,,,,,,,,,,,,,,,,,
07 16 13,Polymer Modified Cement Waterproofing,,,,,x,x,,,,,,,,,,,,,,,,,,,,,,,,,,,
07 16 16,Crystalline Waterproofing ,,,,,,,,,,,,,,,,,,,,,,,,,,,,,,,,,
07 16 19,Metal Oxide Waterproofing    ,,,,,,,,,,,,,,,,,,,,,,,,,,,,,,,,,
07 17 00,Bentonite Waterproofing     ,,,,,,,,,,,,,,,,,,,,,,,,,,,,,,,,,
07 18 00,Traffic Coatings,,,,,,,,,,,,,,,,,,,,,,,,,,,,,,,,,
07 19 00,Water Repellents ,,,,,,,,,,,,,,,,,,,,,,,,,,,,,,,,,
07 21 00,Thermal Insulation,,,,,x,x,,,,,,,,,,,,,,,,,,,,,,,,,,,
07 21 19,Foamed-In-Place Insulation,,,,,,,,,,,,,,,,,,,,,,,,,,,,,,,,,
07 21 29,Spray-Applied Insulation,,,,,,,,,,,,,,,,,,,,,,,,,,,,,,,,,
07 22 19,Sloped Roof Deck Insulation,,,,,,,,,,,,,,,,,,,,,,,,,,,,,,,,,
07 24 13,Polymer-Based Exterior Insulation and Finish System (EIFS),,06 16 43,07 62 00,07 62 10,,,,,,,,,,,,,,,,,,,,,,,,,,,,,
07 24 19,Water-Drainage Exterior Insulation and Finish System (EIFS),,06 16 43,07 62 00,07 62 10,,,,,,,,,,,,,x,,,,,,,,,,,,,,,,
07 24 20,Direct Applied Exterior Finish System (DEFS),,06 16 43,07 62 00,07 62 10,,,,,,,,,,,,,,,,,,,,,,,,,,,,,
07 24 43,Synthetic EIF Soffit System,,,06 16 43,,,,,,,,,,,,,,,,,,,,,,,,,,,,,,
07 25 00,Weather Barriers,,,,,,,,,,,,,,,,,,,,,,,,,,,,,,,,,
07 26 00,Vapor Retarders     ,,,,,,,,,,,,,,,,,,,,,,,,,,,,,,,,,
07 27 13,Modified Bituminous Sheet Air Barriers  ,,07 62 00,07 62 10,,,,,,,,,,,,,,,,,,,,,,,,,,,,,,
07 27 15,Nonbituminous Self-Adhering Sheet Air Barriers  ,,07 62 00,07 62 10,,x,x,,,,,,,,,,,,,,,,,,,,,,,,,,,
07 27 26,Fluid-Applied Membrane Air Barriers,,07 62 00,07 62 10,,x,x,,,,,,,,,,,,,,,,,,,,,,,,,,,
07 31 13,Asphalt Shingles     ,,,,,,,,,,,,,,,,,,,,,,,,,,,,,,,,,
07 31 16,Metal Shingles     ,,,,,,,,,,,,,,,,,,,,,,,,,,,,,,,,,
07 31 26,Slate Shingles     ,,,,,,,,,,,,,,,,,,,,,,,,,,,,,,,,,
07 32 13,Clay Roof Tiles ,,,,,,,,,,,,,,,,,,,,,,,,,,,,,,,,,
07 32 16,Concrete Roof Tiles    ,,,,,,,,,,,,,,,,,,,,,,,,,,,,,,,,,
07 40 03,Expanded Mesh Cladding ,,,,,,,,,,,,,,,,,,,,,,,,,,,,,,,,,
07 41 13,Formed Metal Roof Panels   ,,07 71 00,07 72 00,07 62 00,,,,,,,,,,,,,,,,,,,,,,,,,,,,,
07 41 13,Standing-Seam Metal Roof Panels,,07 71 00,07 72 00,07 62 00,,,,,,,,,,,,,,,,,,,,,,,,,,,,,
07 41 16,Insulated Metal Roof Panels   ,,,,,,,,,,,,,,,,,,,,,,,,,,,,,,,,,
07 42 10,Thermally Broken Wall Cladding Support System,,,,,,,,,,,,,,,,,,,,,,,,,,,,,,,,,
07 42 13,Formed Metal Wall Panels   ,,,,,,,,,,,,,x,,,,,,,,,,,,,,,,,,,,
07 42 13,Aluminum Composite Wall Panels,,,,,,,,,,,,,x,,,,,,,,,,,,,,,,,,,,
07 42 29,Terracotta Wall Panels ,,,,,,,,,,,,,,,x,,,,,,,,,,,,,,,,,,
07 42 43,Solid Phenolic Cladding Wall Panels,,,,,,,,,,,,,,,,x,,,,,,,,,,,,,,,,,
07 42 53,Fiber-Reinforced Cementitious Panel Cladding,,,,,,,,,,,,,,x,,,,,,,,,,,,,,,,,,,
07 42 63,Fabricated Wall Panel Assemblies,,,,,,,,,,,,,,,,,,,,,,,,,,,,,,,,,
07 42 93,Metal Soffit Panels,,,,,,,,,,,,,,,,,,,,,,,,,,,,,,,,,
07 46 16,Aluminum Siding     ,,,,,,,,,,,,,,,,,,,,,,,,,,,,,,,,,
07 46 19,Steel Siding     ,,,,,,,,,,,,,,,,,,,,,,,,,,,,,,,,,
07 46 24,Wood Shingle and Shake Siding  ,,,,,,,,,,,,,,,,,,,,,,,,,,,,,,,,,
07 46 33,Plastic Siding,,,,,,,,,,,,,,,,,,,,,,,,,,,,,,,,,
07 46 46,Fiber-Cement Siding,,,,,,,,,,,,,,,,,,,,,,,,,,,,,,,,,
07 51 13,Built up Asphalt Roofing,,,,,,,,,,,,,,,,,,,,,,,,,,,,,,,,,
07 51 16,Built-Up Coal Tar Roofing,,,,,,,,,,,,,,,,,,,,,,,,,,,,,,,,,
07 52 13,Atactic-Polypropylene (APP) Modified Bituminous Membrane Roofing,,,,,,,,,,,,,,,,,,,,,,,,,,,,,,,,,
07 52 16,Modified Bituminous Roofing,,07 71 00,07 72 00,07 62 00,,,,,,,,,,,,,,,,,,,,,,,,,,,,,
07 53 16,Chlorosulfonate-Polyethylene (CSPE) Roofing,,,,,,,,,,,,,,,,,,,,,,,,,,,,,,,,,
07 53 23,Ethylene-Propylene-Dien-Monomer (EPDM) Roofing,,07 71 00,07 72 00,07 62 00,,,,,,,,,,,,,,,,,,,,,,,,,,,,,
07 54 16,Ketone Ethylene Ester (KEE) Roofing,,07 71 00,07 72 00,07 62 00,,,,,,,,,,,,,,,,,,,,,,,,,,,,,
07 54 19,Polyvinyl-Chloride (PVC) Roofing,,07 71 00,07 72 00,07 62 00,,,,,,,,,,,,,,,,,,,,,,,,,,,,,
07 54 23,Thermoplastic Polyolefin (TPO) Roofing,,07 71 00,07 72 00,07 62 00,x,x,,,,,,,,,,,,,,,,,,,,,,,,,,,
07 55 52,Atactic-Polypropylene (APP) Modified Bituminous Protected Membrane Roofing,,,,,,,,,,,,,,,,,,,,,,,,,,,,,,,,,
07 55 56,Vegetated Protected Membrane Roofing,,,,,,,,,,,,,,,,,,,,,,,,,,,,,,,,,
07 57 00,Coated Foamed Roofing,,,,,,,,,,,,,,,,,,,,,,,,,,,,,,,,,
07 61 00,Sheet Metal Roofing,,,,,,,,,,,,,,,,,,,,,,,,,,,,,,,,,
07 62 00,Sheet Metal Flashing and Trim,,,,,x,x,,,,,,,,,,,,,,,,,,,,,,,,,,,
07 62 10,Flexible Flashings,,,,,x,x,,,,,,,,,,,,,,,,,,,,,,,,,,,
07 65 11,Silicone Sheet Transition Assembly,,,,,,,,,,,,,,,,,,,,,,,,,,,,,,,,,
07 66 00,Liquid Flashings,,,,,,,,,,,,,,,,,,,,,,,,,,,,,,,,,
07 71 00,Roof Specialties,,,,,x,,,,,,,,,,,,,,,,,,,,,,,,,,,,
07 71 29,Manufactured Roof Expansion Joints,,,,,,,,,,,,,,,,,,,,,,,,,,,,,,,,,
07 72 00,Roof Accessories,,,,,,,,,,,,,,,,,,,,,,,,,,,,,,,,,
07 72 36,Smoke Relief Vents,,,,,,,,,,,,,,,,,,,,,,,,,,,,,,,,,
07 72 53,Snow Guards,,,,,,,,,,,,,,,,,,,,,,,,,,,,,,,,,
07 72 63,Grease Containment Assembly,,,,,,,,,,,,,,,,,,,,,,,,,,,,,,,,,
07 72 73,Vegetated Roof Systems,,,,,,,,,,,,,,,,,,,,,,,,,,,,,,,,,
07 76 00,Roof Terrace Pavers,,,,,,,,,,,,,,,,,,,,,,,,,,,,,,,,,
07 81 00,Applied Fire Protection,,,,,x,,,,,,,,,,,,,,,,,,,,,,,,,,,,
07 81 23,Intumescent Fire Protection,,,,,,,,,,,,,,,,,,,,,,,,,,,,,,,,,
07 81 33,Mineral Fiber Fire Protection,,,,,,,,,,,,,,,,,,,,,,,,,,,,,,,,,
07 82 00,Board Fire Protection,,,,,,,,,,,,,,,,,,,,,,,,,,,,,,,,,
07 84 13,Penetration Firestopping,X,,,,,,,,,,,,,,,,,,,,,,,,,,,,,,,,
07 84 43,Joint Firestopping,X,,,,,,,,,,,,,,,,,,,,,,,,,,,,,,,,
07 87 03,Smoke Containment,,,,,,,,,,,,,,,,,,,,,,,,,,,,,,,,,
07 91 00,Preformed Joint Seals,,,,,,,,,,,,,,,,,,,,,,,,,,,,,,,,,
07 92 00,Joint Sealants,X,,,,,,,,,,,,,,,,,,,,,,,,,,,,,,,,
07 92 19,Acoustical Joint Sealants,,,,,,,,,,,,,,,,,,,,,,,,,,,,,,,,,
07 95 00,Expansion Control,,07 95 13,,,,,,,,,,,,,,,,,,,,,,,,,,,,,,,
07 95 13,Interior Expansion Joint Cover Assemblies,,07 95 00,,,,,,,,,,,,,,,,,,,,,,,,,,,,,,,
08 01 53,Wood Window Repairs,,,,,,,,,,,,,,,,,,,,,,,,,,,,,,,,,
08 11 13,Hollow Metal Doors and Frames,x,09 91 00,08 71 00,,,,,,,,,,,,,,,,,,,,,,,,,,,,,,
08 11 16,Flush Aluminum Panel Doors,,08 71 00,,,,,,,,,,,,,,,,,,,,,,,,,,,,,,,
08 11 19,Stainless Steel Doors,,08 71 00,,,,,,,,,,,,,,,,,,,,,,,,,,,,,,,
08 11 73,Sliding Metal Fire Doors,,09 91 00,08 71 00,,,,,,,,,,,,,,,,,,,,,,,,,,,,,,
08 12 13,Hollow Metal Frames,,09 91 00,08 71 00,,,,,,,,,,,,,,,,,,,,,,,,,,,,,,
08 12 14,Trimless Door Frames,,09 91 00,08 71 00,,,,,,,,,,,,,,,,,,,,,,,,,,,,,,
08 12 19,Interior Aluminum Doors and Frames,,08 71 00,,,,,,,,,,,,,,,,,,,,,,,,,,,,,,,
08 13 16,Aluminum Terrace Doors,,08 71 00,,,,,,,,,,,,,,,,,,,,,,,,,,,,,,,
08 14 16,Flush Wood Doors,,09 91 00,08 71 00,,,,,,,,,,,,,,,,,,,,,,,,,,,,,,
08 14 20,High-Impact Resistant Wood Doors,,09 91 00,08 71 00,,,,,,,,,,,,,,,,,,,,,,,,,,,,,,
08 14 33,Stile and Rail Wood Doors,,09 91 00,08 71 00,,,,,,,,,,,,,,,,,,,,,,,,,,,,,,
08 16 13,Fiberglass Doors,,09 91 00,08 71 00,,,,,,,,,,,,,,,,,,,,,,,,,,,,,,
08 16 74,Sliding Composite-Framed Glass Doors,,08 71 00,,,,,,,,,,,,,,,,,,,,,,,,,,,,,,,
08 18 16,Sliding Aluminum-Framed Glass Doors,,08 71 00,,,,,,,,,,,,,,,,,,,,,,,,,,,,,,,
08 31 13,Access Doors and Frames,,09 91 00,,,,,,,,,,,,,,,,,,,,,,,,,,,,,,,
08 31 14,Security Access Doors and Frames,,09 91 00,,,,,,,,,,,,,,,,,,,,,,,,,,,,,,,
08 31 23,Floor Doors,,,,,,,,,,,,,,,,,,,,,,,,,,,,,,,,,
08 33 13,Coiling Counter Doors,,05 50 00,,,,,,,,,,,,,,,,,,,,,,,,,,,,,,,
08 33 23,Overhead Coiling Doors,,05 50 00,,,,,,,,,,,,,,,,,,,,,,,,,,,,,,,
08 33 26,Overhead Coiling Grilles,,05 50 00,,,,,,,,,,,,,,,,,,,,,,,,,,,,,,,
08 33 36,Side Coiling Grilles,,05 50 00,,,,,,,,,,,,,,,,,,,,,,,,,,,,,,,
08 33 43,Overhead Coiling Smoke Curtains,,05 50 00,,,,,,,,,,,,,,,,,,,,,,,,,,,,,,,
08 33 44,Overhead Coiling Fire Curtains,,05 50 00,,,,,,,,,,,,,,,,,,,,,,,,,,,,,,,
08 34 51,Neutron/Radiation Shielding Swinging Doors,,,,,,,,,,,,,,,,,,,,,,,,,,,,,,,,,
08 34 59,Vault Doors and Day Gates,,,,,,,,,,,,,,,,,,,,,,,,,,,,,,,,,
08 34 73,Metal Sound Control Door Assemblies,,,,,,,,,,,,,,,,,,,,,,,,,,,,,,,,,
08 34 73,Wood Sound Control Door Assemblies,,,,,,,,,,,,,,,,,,,,,,,,,,,,,,,,,
08 34 83,Elevator Door Smoke Containment System,,,,,,,,,,,,,,,,,,,,,,,,,,,,,,,,,
08 35 13,Folding Doors,,05 50 00,,,,,,,,,,,,,,,,,,,,,,,,,,,,,,,
08 35 14,Accordion Fire Doors,,05 50 00,,,,,,,,,,,,,,,,,,,,,,,,,,,,,,,
08 35 15,Aluminum-Framed Folding Door System,,05 50 00,,,,,,,,,,,,,,,,,,,,,,,,,,,,,,,
08 35 19,Multipanel Folding Wood-Framed Glass Doors,,05 50 00,,,,,,,,,,,,,,,,,,,,,,,,,,,,,,,
08 36 13,Sectional Doors,,05 50 00,,,,,,,,,,,,,,,,,,,,,,,,,,,,,,,
08 38 00,Traffic Doors,,05 50 00,,,,,,,,,,,,,,,,,,,,,,,,,,,,,,,
08 38 19,Traffic Impact Doors,,05 50 00,,,,,,,,,,,,,,,,,,,,,,,,,,,,,,,
08 39 34,Fire Protective Smoke Curtain,,,,,,,,,,,,,,,,,,,,,,,,,,,,,,,,,
08 39 50,Ballistics-Resistant Wood Doors,,,,,,,,,,,,,,,,,,,,,,,,,,,,,,,,,
08 39 53,Ballistics-Resistant Hollow Metal Doors,,,,,,,,,,,,,,,,,,,,,,,,,,,,,,,,,
08 41 13,Aluminum-Framed Entrances and Storefront,,08 80 00,,,x,x,,,,,,,,,,,,,,,,,,,,,,,,,,,
08 41 23,Fire-Rated Aluminum Full Vision Doors and Frames,,08 88 13,,,,,,,,,,,,,,,,,,,,,,,,,,,,,,,
08 41 26,All-Glass Entrances and Storefront,,08 80 00,,,x,x,,,,,,,,,,,,,,,,,,,,,,,,,,,
08 42 29,Folding Automatic Entrances,,,,,,,,,,,,,,,,,,,,,,,,,,,,,,,,,
08 42 29,Sliding Automatic Entrances,,,,,,,,,,,,,,,,,,,,,,,,,,,,,,,,,
08 42 33,Revolving Door Entrances,,,,,,,,,,,,,,,,,,,,,,,,,,,,,,,,,
08 42 43,Intensive Care Unit/Critical Care Unit (ICU/CCU) Entrances,,,,,,,,,,,,,,,,,,,,,,,,,,,,,,,,,
08 43 13,Aluminum-Framed Storefronts,,08 80 00,,,x,x,,,,,,,,,,,,,,,,,,,,,,,,,,,
08 43 29,Sliding Storefront,,08 80 00,,,,,,,,,,,,,,,,,,,,,,,,,,,,,,,
08 44 13,Glazed Aluminum Curtainwall,,,,,x,x,,,,,,,,,,,,,,,,,,,,,,,,,,,
08 44 23,Structural-Sealant-Glazed Curtainwall,,08 80 00,,,,,,,,,,,,,,,,,,,,,,,,,,,,,,,
08 44 33,Sloped Glazing Assemblies,,08 80 00,,,,,,,,,,,,,,,,,,,,,,,,,,,,,,,
08 45 13,Structured Polycarbonate Panel Asemblies,,,,,,,,,,,,,,,,,,,,,,,,,,,,,,,,,
08 45 23,Fiberglass-Sandwich-Panel Assemblies,,,,,,,,,,,,,,,,,,,,,,,,,,,,,,,,,
08 51 13,Aluminum Windows,,08 80 00,,,,,,,,,,,,,,,,,,,,,,,,,,,,,,,
08 51 19,Stainless Steel Windows,,08 80 00,,,,,,,,,,,,,,,,,,,,,,,,,,,,,,,
08 51 23,Steel Windows,,08 80 00,,,,,,,,,,,,,,,,,,,,,,,,,,,,,,,
08 52 00,Wood Windows,,08 80 00,,,,,,,,,,,,,,,,,,,,,,,,,,,,,,,
08 53 13,Vinyl Windows,,08 80 00,,,,,,,,,,,,,,,,,,,,,,,,,,,,,,,
08 54 13,Fiberglass Windows,,08 80 00,,,,,,,,,,,,,,,,,,,,,,,,,,,,,,,
08 54 50,Composite Windows,,08 80 00,,,,,,,,,,,,,,,,,,,,,,,,,,,,,,,
08 56 53,Security Windows,,08 80 00,,,,,,,,,,,,,,,,,,,,,,,,,,,,,,,
08 56 60,Horizontal Sliding Service Windows,,,,,,,,,,,,,,,,,,,,,,,,,,,,,,,,,
08 56 61,Ballistics-Resistant Transaction Windows,,,,,,,,,,,,,,,,,,,,,,,,,,,,,,,,,
08 56 62,Aluminum Ticket Windows,,,,,,,,,,,,,,,,,,,,,,,,,,,,,,,,,
08 56 63,Frameless Pass-Thru Window,,,,,,,,,,,,,,,,,,,,,,,,,,,,,,,,,
08 56 75,Horizontal Sliding Steel Interior Fire Window,,,,,,,,,,,,,,,,,,,,,,,,,,,,,,,,,
08 61 00,Roof Windows,,,,,,,,,,,,,,,,,,,,,,,,,,,,,,,,,
08 62 00,Unit Skylights,,,,,,,,,,,,,,,,,,,,,,,,,,,,,,,,,
08 63 00,Metal-Framed Skylights,,08 80 00,,,,,,,,,,,,,,,,,,,,,,,,,,,,,,,
08 65 13,Structural Glass Canopies,,08 80 00,,,,,,,,,,,,,,,,,,,,,,,,,,,,,,,
08 71 00,Door Hardware,x,,,,,,,,,,,,,,,,,,,,,,,,,,,,,,,,
08 71 13,Automatic Door Operators,,,,,,,,,,,,,,,,,,,,,,,,,,,,,,,,,
08 78 13,All-Glass-Entrance Hardware,,,,,,,,,,,,,,,,,,,,,,,,,,,,,,,,,
08 80 00,Glazing,x,,,,,,,,,,,,,,,,,,,,,,,,,,,,,,,,
08 81 13,Decorative Glass,,,,,,,,,,,,,,,,,,,,,,,,,,,,,,,,,
08 83 00,Mirrors,,,,,,,,,,,,,,,,,,,,,,,,,,,,,,,,,
08 84 00,Plastic glazing,,,,,,,,,,,,,,,,,,,,,,,,,,,,,,,,,
08 84 13,Decorative Plastic Glazing / Fabrications,,,,,,,,,,,,,,,,,,,,,,,,,,,,,,,,,
08 87 00,Glazing Surface Films,,,,,,,,,,,,,,,,,,,,,,,,,,,,,,,,,
08 88 13,Fire-Rated Glazing,,,,,,,,,,,,,,,,,,,,,,,,,,,,,,,,,
08 88 35,Integral Blind Glazing Assemblies,,,,,,,,,,,,,,,,,,,,,,,,,,,,,,,,,
08 88 36,Electronically Controlled Switchable Glazing,,,,,,,,,,,,,,,,,,,,,,,,,,,,,,,,,
08 88 53,Security Glazing,,,,,,,,,,,,,,,,,,,,,,,,,,,,,,,,,
08 91 16,Operable Wall Louvers,,,,,,,,,,,,,,,,,,,,,,,,,,,,,,,,,
08 91 19,Fixed Louvers,,,,,x,,,,,,,,,,,,,,,,,,,,,,,,,,,,
08 91 21,Wind-Driven-Rain-Resistant Louvers,,,,,,,,,,,,,,,,,,,,,,,,,,,,,,,,,
08 92 00,Louvered Equipment Enclosures,,,,,,,,,,,,,,,,,,,,,,,,,,,,,,,,,
08 95 16,Wall Vents,,,,,,,,,,,,,,,,,,,,,,,,,,,,,,,,,
09 01 91,Maintenance Repainting,,,,,,,,,,,,,,,,,,,,,,,,,,,,,,,,,
09 05 61,Moisture Vapor Emission Control,,,,,,,,,,,,,,,,,,,,,,,,,,,,,,,,,
09 21 16,Gypsum Board Shaft Wall Assemblies,,09 29 00,09 91 00,,,,,,x,x,,,,,,,,,,,,,,,,,,,,,,,
09 22 16,Non-Structural Metal Framing,X,09 29 00,09 91 00,,,,,,,,,,,,,,,,,,,,,,,,,,,,,,
09 22 18,Extruded Aluminum Partition Closure,,,,,,,,,,,,,,,,,,,,,,,,,,,,,,,,,
09 23 00,Gypsum Plastering,,,,,,,,,,,,,,,,,,,,,,,,,,,,,,,,,
09 23 13,Acoustical Gypsum Plastering,,,,,,,,,,,,,,,,,,,,,,,,,,,,,,,,,
09 24 00,Portland Cement Plastering,,,,,,,,,,,,,,,,,,,,,,,,,,,,,,,,,
09 25 10,Simulated Venetian Plaster,,,,,,,,,,,,,,,,,,,,,,,,,,,,,,,,,
09 26 13,Gypsum Veneer Plastering,,,,,,,,,,,,,,,,,,,,,,,,,,,,,,,,,
09 27 13,Glass-Fiber-Reinforced Gypsim,,,,,,,,,,,,,,,,,,,,,,,,,,,,,,,,,
09 29 00,Gypsum Board,X,09 22 16,09 91 00,,,,,,,,,,,,,,,,,,,,,,,,,,,,,,
09 30 13,Tiling,,09 22 16,09 29 00,,x,,,,,,,,,,,,,,,,,,,x,,,,,,,,,
09 30 23,Glass Tiling,,09 22 16,09 29 00,,,,,,,,,,,,,,,,,,,,,,,,,,,,,,
09 30 33,Stone Tiling,,09 22 16,09 29 00,,,,,,,,,,,,,,,,,,,,,,,,,,,,,,
09 30 35,Tile Shower Compartment Components,,,,,,,,,,,,,,,,,,,,,,,,,,,,,,,,,
09 30 36,Concrete Tiling,,,,,,,,,,,,,,,,,,,,,,,,,,,,,,,,,
09 51 13,Acoustical Panel Ceilings,x,,,,,,,,,,,,,,,,,,,,,,,,,,,,,,,,
09 51 14,Acoustical Fabric-Faced Panel Ceilings,,,,,,,,,,,,,,,,,,,,,,,,,,,,,,,,,
09 51 15,Composite Core Acoustical Panel Ceilings,,,,,,,,,,,,,,,,,,,,,,,,,,,,,,,,,
09 51 23,Acoustical Tile Ceilings,,,,,,,,,,,,,,,,,,,,,,,,,,,,,,,,,
09 51 33,Acoustical Metal Pan Ceilings,,,,,,,,,,,,,,,,,,,,,,,,,,,,,,x,,,
09 54 00,Specialty Panel Ceilings,,,,,,,,,,,,,,,,,,,,,,,,,,,,,,,,,
09 54 13,Open Cell Metal Ceilings,,,,,,,,,,,,,,,,,,,,,,,,,,,,,,x,,,
09 54 13,Open Metal Mesh Ceilings,,,,,,,,,,,,,,,,,,,,,,,,,,,,,,x,,,
09 54 16,Luminous Ceilings,,,,,,,,,,,,,,,,,,,,,,,,,,,,,,,,,
09 54 23,Linear Plank Metal Ceilings,,,,,,,,,,,,,,,,,,,,,,,,,,,,,,x,,,
09 54 26,Wood Veneer Panel Ceilings,,,,,,,,,,,,,,,,,,,,,,,,,,,,,x,,,,
09 54 36,Suspended Decorative Ceilings,,,,,,,,,,,,,,,,,,,,,,,,,,,,,,,,,
09 54 43,Stretched-Fabric Ceiling,,,,,,,,,,,,,,,,,,,,,,,,,,,,,,,,,
09 54 46,Fabric-Wrapped Ceiling,,,,,,,,,,,,,,,,,,,,,,,,,,,,,,,,,
09 54 47,Blade Acoustical Panels,,,,,,,,,,,,,,,,,,,,,,,,,,,,x,,,,,
09 56 13,Acoustical Perforated Gypsum Board Ceilings,,09 91 23,,,,,,,,,,,,,,,,,,,,,,,,,x,,,,,,
09 57 53,Security Ceiling Assemblies,,,,,,,,,,,,,,,,,,,,,,,,,,,,,,,,,
09 58 70,Integrated Operating Room Ceiling Assemblies,,,,,,,,,,,,,,,,,,,,,,,,,,,,,,,,,
09 60 00,Resilient Floor Underlayment,,,,,,,,,,,,,,,,,,,,,,,,,,,,,,,,,
09 61 16,Concrete Floor Sealing,,,,,,,,,,,,,,,,,,,,,,,,,,,,,,,,,
09 62 29,Cork Flooring,,,,,,,,,,,,,,,,,,,,,,,,,,,,,,,,,
09 63 13,Brick Flooring,,,,,,,,,,,,,,,,,,,,,,,,,,,,,,,,,
09 63 40,Stone Flooring,,,,,,,,,,,,,,,,,,,,,,,,,,,,,,,,,
09 64 00,Wood Flooring,,,,,,,,,,,,,,,,,,,,,,,,,x,,,,,,,,
09 64 36,Bamboo Flooring,,,,,,,,,,,,,,,,,,,,,,,,,x,,,,,,,,
09 64 66,Wood Athletic Flooring,,,,,,,,,,,,,,,,,,,,,,,,,x,,,,,,,,
09 64 67,Anchored Resilient Wood Stage Flooring,,,,,,,,,,,,,,,,,,,,,,,,,,,,,,,,,
09 65 13,Resilient Base and Accessories,,,,,,,,,,,,,,,,,,,,,,x,x,,,,,,,,,,
09 65 16,Resilient Sheet Vinyl Flooring,,09 65 13,,,,,,,,,,,,,,,,,,,,,x,,,,,,,,,,
09 65 18,Resilient Sheet Rubber Flooring,,09 65 13,,,,,,,,,,,,,,,,,,,,,x,,,,,,,,,,
09 65 19,Resilient Tile Flooring,,09 65 13,,,,,,,,,,,,,,,,,,,,,x,,,,,,,,,,
09 65 19,Luxury Vinyl Floor Covering,,09 65 13,,,,,,,,,,,,,,,,,,,,,x,,,,,,,,,,
09 65 21,Cork Rubber Tile Flooring,,,,,,,,,,,,,,,,,,,,,,,,,,,,,,,,,
09 65 36,Static-Control Resilient Flooring,,09 65 13,,,,,,,,,,,,,,,,,,,,,,,,,,,,,,,
09 65 43,Linoleum Flooring,,09 65 13,,,,,,,,,,,,,,,,,,,,,x,,,,,,,,,,
09 65 66,Resilient Athletic Flooring,,,,,,,,,,,,,,,,,,,,,,,,,,,,,,,,,
09 66 13,Portland Cement Terrazzo Flooring,,,,,,,,,,,,,,,,,,,,,,,,,,,,,,,,,
09 66 17,Precast Terrazzo Stair Treads,,,,,,,,,,,,,,,,,,,,,,,,,,,,,,,,,
09 66 23,Resinous Matrix Terrazzo,,,,,,,,,,,,,,,,,,,,,,,,,,x,,,,,,,
09 67 23,Resinous Flooring,,,,,,,,,,,,,,,,,,,,,,,,,,,,,,,,,
09 67 43,Liquid Linoleum Flooring,,,,,,,,,,,,,,,,,,,,,,,,,,,,,,,,,
09 67 66,Fluid-Applied Athletic Flooring,,,,,,,,,,,,,,,,,,,,,,,,,,,,,,,,,
09 68 13,Tile Carpeting,,09 65 13,,,,,,,,,,,,,,,,,,,,x,,,,,,,,,,,
09 68 16,Sheet Carpeting,,09 65 13,,,,,,,,,,,,,,,,,,,,x,,,,,,,,,,,
09 68 23,Woven Vinyl Tile Flooring,,,,,,,,,,,,,,,,,,,,,,,,,,,,,,,,,
09 69 00,Access Flooring,,,,,,,,,,,,,,,,,,,,,,,,,,,,,,,,,
09 69 22,FRP Grating Access Flooring,,,,,,,,,,,,,,,,,,,,,,,,,,,,,,,,,
09 69 33,Low-Profile Fixed Height Access Flooring,,,,,,,,,,,,,,,,,,,,,,,,,,,,,,,,,
09 72 00,Wall Coverings,,,,,,,,,,,,,,,,,,,,,,,,,,,,,,,,,
09 75 05,Adhered Stone Facing System,,,,,,,,,,,,,,,,,,,,,,,,,,,,,,,,,
09 75 13,Stone Wall Facing,,,,,,,,,,,,,,,,,,,,,,,,,,,,,,,,,
09 75 15,Thin Brick Wall Facing,,,,,,,,,,,,,,,,,,,,,,,,,,,,,,,,,
09 75 19,Stone Trim,,,,,,,,,,,,,,,,,,,,,,,,,,,,,,,,,
09 77 00,Solid Phenolic Composite Interior Wall Panels,,,,,,,,,,,,,,,,,,,,,,,,,,,,,,,,,
09 77 10,Interior Aluminum Composite Wall Panels,,,,,,,,,,,,,,,,,,,,,,,,,,,,,,,,,
09 77 13,Stretched-Fabric Wall,,,,,,,,,,,,,,,,,,,,,,,,,,,,,,,,,
09 77 15,Modular Wall Paneling,,,,,,,,,,,,,,,,,,,,,,,,,,,,,,,,,
09 77 23,Fabric-Wrapped Panels,,,,,,,,,,,,,,,,,,,,,,,,,,,,,,,,,
09 77 53,Vegetated Wall System,,,,,,,,,,,,,,,,,,,,,,,,,,,,,,,,,
09 78 03,Metal Laminate Panels,,,,,,,,,,,,,,,,,,,,,,,,,,,,,,,,,
09 78 13,Metal Interior Wall Panels,,,,,,,,,,,,,,,,,,,,,,,,,,,,,,,,,
09 78 14,Decorative Metal-Clad Wall Panels,,,,,,,,,,,,,,,,,,,,,,,,,,,,,,,,,
09 78 29,Mineral Profile Wall Paneling,,,,,,,,,,,,,,,,,,,,,,,,,,,,,,,,,
09 78 30,Wood Veneer Wall Paneling,,,,,,,,,,,,,,,,,,,,,,,,,,,,,,,,,
09 78 81,Decorative Glass Interior Wall Panels,,,,,,,,,,,,,,,,,,,,,,,,,,,,,,,,,
09 81 00,Acoustical Space Units,,,,,,,,,,,,,,,,,,,,,,,,,,,,,,,,,
09 81 13,Acoustical Liner Board,,,,,,,,,,,,,,,,,,,,,,,,,,,,,,,,,
09 81 16,Acoustical Board Insulation,,,,,,,,,,,,,,,,,,,,,,,,,,,,,,,,,
09 84 10,Tackable Wall Panels,,,,,,,,,,,,,,,,,,,,,,,,,,,,,,,,,
09 84 13,Bonded Acoustical Cotton,,,,,,,,,,,,,,,,,,,,,,,,,,,,,,,,,
09 84 33,Sound-Absorbing Wall Units,,,,,,,,,,,,,,,,,,,,,,,,,,,,,,,,,
09 84 33,Sound-Absorbing Wood-Fiber Wall Units,,,,,,,,,,,,,,,,,,,,,,,,,,,,,,,,,
09 84 36,Sound-Absorbing Ceiling Units,,,,,,,,,,,,,,,,,,,,,,,,,,,,,,,,,
09 84 53,Sound Barrier Mullion Trim Cap,,,,,,,,,,,,,,,,,,,,,,,,,,,,,,,,,
09 91 00,Painting,x,,,,,,,,,,,,,,,,,,,,,,,,,,,,,,,,
09 93 00,Staining and Transparent Finishing,,,,,,,,,,,,,,,,,,,,,,,,,,,,,,,,,
09 94 13,Textured Finish,,,,,,,,,,,,,,,,,,,,,,,,,,,,,,,,,
09 96 00,High-Performance Coatings,,,,,,,,,,,,,,,,,,,,,,,,,,,,,,,,,
09 96 13,Decorative High-Performance Coatings,,,,,,,,,,,,,,,,,,,,,,,,,,,,,,,,,
09 96 23,Graffiti-Resistant Coatings,,,,,,,,,,,,,,,,,,,,,,,,,,,,,,,,,
09 96 33,High-Temperature-Resistant Coatings,,,,,,,,,,,,,,,,,,,,,,,,,,,,,,,,,
09 96 35,Chemical-Resistant Coatings,,,,,,,,,,,,,,,,,,,,,,,,,,,,,,,,,
09 96 40,Fire-Retardant Coatings,,,,,,,,,,,,,,,,,,,,,,,,,,,,,,,,,
09 96 46,Intumescent Painting,,,,,,,,,,,,,,,,,,,,,,,,,,,,,,,,,
09 96 53,Elastomeric Coatings,,,,,,,,,,,,,,,,,,,,,,,,,,,,,,,,,
09 96 64,Textured Acrylic Coatings,,,,,,,,,,,,,,,,,,,,,,,,,,,,,,,,,
09 97 14,Electrostatic Painting,,,,,,,,,,,,,,,,,,,,,,,,,,,,,,,,,
09 97 26,Cementitious Coatings,,,,,,,,,,,,,,,,,,,,,,,,,,,,,,,,,
09 97 35,Dry-Erase Coating,,,,,,,,,,,,,,,,,,,,,,,,,,,,,,,,,
09 97 52,Projection Screen Coatings,,,,,,,,,,,,,,,,,,,,,,,,,,,,,,,,,
10 11 00,Visual Display Units,,,,,,,,,,,,,,,,,,,,,,,,,,,,,,,,,
10 11 16,Fixed Markerboards,,,,,,,,,,,,,,,,,,,,,,,,,,,,,,,,,
10 11 17,Glass Markerboards,,,,,,,,,,,,,,,,,,,,,,,,,,,,,,,,,
10 11 26,Fabric-Wrapped Tackboards,,,,,,,,,,,,,,,,,,,,,,,,,,,,,,,,,
10 11 46,Visual Display Fabrics,,,,,,,,,,,,,,,,,,,,,,,,,,,,,,,,,
10 12 00,Display Cases,,,,,,,,,,,,,,,,,,,,,,,,,,,,,,,,,
10 12 10,Merchandise Display Panels,,,,,,,,,,,,,,,,,,,,,,,,,,,,,,,,,
10 13 00,Directories,,,,,,,,,,,,,,,,,,,,,,,,,,,,,,,,,
10 14 16,Plaques,,,,,,,,,,,,,,,,,,,,,,,,,,,,,,,,,
10 14 19,Dimensional Lettering,,,,,,,,,,,,,,,,,,,,,,,,,,,,,,,,,
10 14 23,Panel Signage,,,,,,,,,,,,,,,,,,,,,,,,,,,,,,,,,
10 14 26,Post and Panel-Pylon Signage,,,,,,,,,,,,,,,,,,,,,,,,,,,,,,,,,
10 14 29,Modular Signage,,,,,,,,,,,,,,,,,,,,,,,,,,,,,,,,,
10 14 53,Traffic and Parking Signage,,,,,,,,,,,,,,,,,,,,,,,,,,,,,,,,,
10 14 63,Digital Exterior Marquee Signage,,,,,,,,,,,,,,,,,,,,,,,,,,,,,,,,,
10 14 73,Painted Signage,,,,,,,,,,,,,,,,,,,,,,,,,,,,,,,,,
10 21 13,Metal Toilet Compartments,,05 50 00,,,x,,,,,,,,,,,,,,,,,,,,,,,,,,,,
10 21 13,Steel Toilet Compartments,,05 50 00,,,x,,,,,,,,,,,,,,,,,,,,,,,,,,,,
10 21 13,Stainless Steel Toilet Compartments,,05 50 00,,,x,,,,,,,,,,,,,,,,,,,,,,,,,,,,
10 21 13,Plastic-Laminate-Clad Toilet Compartments,,05 50 00,,,x,,,,,,,,,,,,,,,,,,,,,,,,,,,,
10 21 13,Phenolic-Core Toilet Compartments,,05 50 00,,,x,,,,,,,,,,,,,,,,,,,,,,,,,,,,
10 21 13,Plastic (HDPE) Toilet Compartments,,05 50 00,,,x,,,,,,,,,,,,,,,,,,,,,,,,,,,,
10 21 13,Stone Toilet Compartments,,05 50 00,,,x,,,,,,,,,,,,,,,,,,,,,,,,,,,,
10 21 16,Metal Shower and Dressing Compartments,,05 50 00,,,,,,,,,,,,,,,,,,,,,,,,,,,,,,,
10 21 16,Stainless-Steel Shower and Dressing Compartments,,05 50 00,,,,,,,,,,,,,,,,,,,,,,,,,,,,,,,
10 21 16,Plastic Shower and Dressing Compartments,,05 50 00,,,,,,,,,,,,,,,,,,,,,,,,,,,,,,,
10 21 17,Phenolic-Core Shower and Dressing Compartments,,05 50 00,,,,,,,,,,,,,,,,,,,,,,,,,,,,,,,
10 21 23,Cubicle Curtains and Tracks,,,,,,,,,,,,,,,,,,,,,,,,,,,,,,,,,
10 22 13,Wire Mesh Partitions,,,,,,,,,,,,,,,,,,,,,,,,,,,,,,,,,
10 22 19,Demountable Partitions,,05 50 00,,,,,,,,,,,,,,,,,,,,,,,,,,,,,,,
10 22 33,Accordion Folding Partitions,,05 50 00,,,,,,,,,,,,,,,,,,,,,,,,,,,,,,,
10 22 39,Folding Panel Partitions,,05 50 00,,,,,,,,,,,,,,,,,,,,,,,,,,,,,,,
10 22 39,Vertically-Folding Panel Partitions,,05 50 00,,,,,,,,,,,,,,,,,,,,,,,,,,,,,,,
10 22 46,Fabric Screen Panels,,05 50 00,,,,,,,,,,,,,,,,,,,,,,,,,,,,,,,
10 25 13,Modular Wall and Door System,,05 50 00,,,,,,,,,,,,,,,,,,,,,,,,,,,,,,,
10 26 00,Wall and Door Protection,,09 22 16,09 26 00,,,,,,,,,,,,,,,,,,,,,,,,,,,,,,
10 28 00,"Toilet, Bath, and Laundry Accessories",,,,,,,,,,,,,,,,,,,,,,,,,,,,,,,,,
10 28 13,Toilet Accessories,,,,,,,,,,,,,,,,,,,,,,,,,,,,,,,,,
10 28 14,Detention Toilet Accessories,,,,,,,,,,,,,,,,,,,,,,,,,,,,,,,,,
10 28 15,Anti-Ligature Toilet Accessories,,,,,,,,,,,,,,,,,,,,,,,,,,,,,,,,,
10 28 19,Tub and Shower Doors,,,,,,,,,,,,,,,,,,,,,,,,,,,,,,,,,
10 43 00,Emergency Aid Specialties,,,,,,,,,,,,,,,,,,,,,,,,,,,,,,,,,
10 44 00,Fire Protection Specialties,,,,,x,x,,,,,,,,,,,,,,,,,,,,,,,,,,,
10 44 13,Fire Protection Cabinets,,,,,,,,,,,,,,,,,,,,,,,,,,,,,,,,,
10 44 15,Anti-Ligature Fire Protection Cabinets,,,,,,,,,,,,,,,,,,,,,,,,,,,,,,,,,
10 44 16,Fire Extinguishers,,,,,,,,,,,,,,,,,,,,,,,,,,,,,,,,,
10 45 13,Photoluminescent Egress Path Markings,,,,,,,,,,,,,,,,,,,,,,,,,,,,,,,,,
10 51 01,Wood Lockers,,,,,,,,,,,,,,,,,,,,,,,,,,,,,,,,,
10 51 10,Metal Mesh Storage Lockers,,,,,,,,,,,,,,,,,,,,,,,,,,,,,,,,,
10 51 13,Metal Lockers,,,,,,,,,,,,,,,,,,,,,,,,,,,,,,,,,
10 51 16,Wood Lockers,,,,,,,,,,,,,,,,,,,,,,,,,,,,,,,,,
10 51 23,Plastic-Laminate-Clad Lockers,,,,,,,,,,,,,,,,,,,,,,,,,,,,,,,,,
10 51 26,Plastic (HDPE) Lockers,,,,,,,,,,,,,,,,,,,,,,,,,,,,,,,,,
10 51 29,Phenolic Core Lockers,,,,,,,,,,,,,,,,,,,,,,,,,,,,,,,,,
10 51 43,Wire Mesh Storage Lockers,,,,,,,,,,,,,,,,,,,,,,,,,,,,,,,,,
10 55 00,Postal Specialties,,,,,,,,,,,,,,,,,,,,,,,,,,,,,,,,,
10 56 13,Metal Storage Shelving,,,,,,,,,,,,,,,,,,,,,,,,,,,,,,,,,
10 56 26,Mobile Storage Shelving,,,,,,,,,,,,,,,,,,,,,,,,,,,,,,,,,
10 71 13,Exterior Sun Control Devices,,,,,,,,,,,,,,,,,,,,,,,,,,,,,,,,,
10 73 13,Awnings,,,,,,,,,,,,,,,,,,,,,,,,,,,,,,,,,
10 73 16,Manufactured Canopies,,,,,,,,,,,,,,,,,,,,,,,,,,,,,,,,,
10 73 23,Cantilevered Care Shelters,,,,,,,,,,,,,,,,,,,,,,,,,,,,,,,,,
10 73 26,Walkway Coverings,,,,,,,,,,,,,,,,,,,,,,,,,,,,,,,,,
10 73 28,Aluminum Pergola System,,,,,,,,,,,,,,,,,,,,,,,,,,,,,,,,,
10 73 43,Transportation Stop,,,,,,,,,,,,,,,,,,,,,,,,,,,,,,,,,
10 74 29,Manufactured Cupola,,,,,,,,,,,,,,,,,,,,,,,,,,,,,,,,,
10 75 16,Ground-Set Flagpoles,,,,,,,,,,,,,,,,,,,,,,,,,,,,,,,,,
10 75 23,Wall-Mounted Flagpoles,,,,,,,,,,,,,,,,,,,,,,,,,,,,,,,,,
10 75 26,Roof-Mounted Flagpoles,,,,,,,,,,,,,,,,,,,,,,,,,,,,,,,,,
10 75 27,Plaza-Mounted Flagpoles,,,,,,,,,,,,,,,,,,,,,,,,,,,,,,,,,
10 75 29,Plaza-Mounted Flagpoles,,,,,,,,,,,,,,,,,,,,,,,,,,,,,,,,,
10 81 13,Bird Control Devices,,,,,,,,,,,,,,,,,,,,,,,,,,,,,,,,,
10 82 11,Architectural Coiled Wire Grilles and Screens,,,,,,,,,,,,,,,,,,,,,,,,,,,,,,,,,
10 82 13,Roof Top Equipment Screens,,,,,,,,,,,,,,,,,,,,,,,,,,,,,,,,,
10 82 24,Interior Decorative Metal Screens,,,,,,,,,,,,,,,,,,,,,,,,,,,,,,,,,
10 83 16,Banners,,,,,,,,,,,,,,,,,,,,,,,,,,,,,,,,,
10 89 33,Decorative Decals,,,,,,,,,,,,,,,,,,,,,,,,,,,,,,,,,
10 99 00,Miscellaneous Specialties ,,,,,,,,,,,,,,,,,,,,,,,,,,,,,,,,,
11 11 03,Emergency Call Stations,,,,,,,,,,,,,,,,,,,,,,,,,,,,,,,,,
11 11 36,Vehicle Charging Equipment,,,,,,,,,,,,,,,,,,,,,,,,,,,,,,,,,
11 12 00,Parking Control Equipment,,,,,,,,,,,,,,,,,,,,,,,,,,,,,,,,,
11 13 13,Loading Dock Bumpers,,,,,,,,,,,,,,,,,,,,,,,,,,,,,,,,,
11 13 16,Loading Dock Seals and Shelters,,,,,,,,,,,,,,,,,,,,,,,,,,,,,,,,,
11 13 19,Stationary Loading Dock Equipment,,,,,,,,,,,,,,,,,,,,,,,,,,,,,,,,,
11 13 23,Portable Dock Equipment,,,,,,,,,,,,,,,,,,,,,,,,,,,,,,,,,
11 16 16,Floor Safe,,,,,,,,,,,,,,,,,,,,,,,,,,,,,,,,,
11 17 00,Transaction Drawers,,,,,,,,,,,,,,,,,,,,,,,,,,,,,,,,,
11 19 16,Detention Gun Lockers,,,,,,,,,,,,,,,,,,,,,,,,,,,,,,,,,
11 21 63,Refrigerated Display Equipment,,,,,,,,,,,,,,,,,,,,,,,,,,,,,,,,,
11 22 16,Teller Service Equipment,,,,,,,,,,,,,,,,,,,,,,,,,,,,,,,,,
11 30 39,Industrial Ceiling Fans,,,,,,,,,,,,,,,,,,,,,,,,,,,,,,,,,
11 31 00,Residential Appliances,,,,,,,,,,,,,,,,,,,,,,,,,,,,,,,,,
11 51 17,Library Book Drop and Return,,,,,,,,,,,,,,,,,,,,,,,,,,,,,,,,,
11 51 19,Book Theft Protection Equipment,,,,,,,,,,,,,,,,,,,,,,,,,,,,,,,,,
11 51 23,Library Stack Systems,,,,,,,,,,,,,,,,,,,,,,,,,,,,,,,,,
11 52 09,Projection Screens and Projector Mounts,,,,,,,,,,,,,,,,,,,,,,,,,,,,,,,,,
11 52 13,Projection Screens,,,,,,,,,,,,,,,,,,,,,,,,,,,,,,,,,
11 52 24,Flat Screen TV Mounts,,,,,,,,,,,,,,,,,,,,,,,,,,,,,,,,,
11 52 33,LED Ticker Display,,,,,,,,,,,,,,,,,,,,,,,,,,,,,,,,,
11 53 00,Laboratory Equipment,,,,,,,,,,,,,,,,,,,,,,,,,,,,,,,,,
11 53 13,Laboratory Fume Hoods,,,,,,,,,,,,,,,,,,,,,,,,,,,,,,,,,
11 53 14,Fume Extractors,,,,,,,,,,,,,,,,,,,,,,,,,,,,,,,,,
11 53 19,Vivarium Equipment,,,,,,,,,,,,,,,,,,,,,,,,,,,,,,,,,
11 53 53,Biological Safety Cabinets,,,,,,,,,,,,,,,,,,,,,,,,,,,,,,,,,
11 61 23,Folding and Portable Stages,,,,,,,,,,,,,,,,,,,,,,,,,,,,,,,,,
11 61 43,Stage Curtains,,,,,,,,,,,,,,,,,,,,,,,,,,,,,,,,,
11 66 23,Gymnasium Equipment,,,,,,,,,,,,,,,,,,,,,,,,,,,,,,,,,
11 66 24,Surface Padding System,,,,,,,,,,,,,,,,,,,,,,,,,,,,,,,,,
11 66 43,Interior Scoreboards,,,,,,,,,,,,,,,,,,,,,,,,,,,,,,,,,
11 66 53,Gymnasium Dividers,,,,,,,,,,,,,,,,,,,,,,,,,,,,,,,,,
11 68 00,Play Field Equipment and Structures,,,,,,,,,,,,,,,,,,,,,,,,,,,,,,,,,
11 68 34,Athletic Field Equipment,,,,,,,,,,,,,,,,,,,,,,,,,,,,,,,,,
11 68 43,Exterior Scoreboards,,,,,,,,,,,,,,,,,,,,,,,,,,,,,,,,,
11 70 00,Medical Equipment,,,,,,,,,,,,,,,,,,,,,,,,,,,,,,,,,
11 73 00,Patient Care Equipment,,,,,,,,,,,,,,,,,,,,,,,,,,,,,,,,,
11 73 13,Patient Care Fixtures,,,,,,,,,,,,,,,,,,,,,,,,,,,,,,,,,
11 73 41,Patient Lifts,,,,,,,,,,,,,,,,,,,,,,,,,,,,,,,,,
11 95 13,Ceramic Artwork Kilns,,,,,,,,,,,,,,,,,,,,,,,,,,,,,,,,,
12 21 13,Horizontal Louver Blinds,,,,,,,,,,,,,,,,,,,,,,,,,,,,,,,,,
12 21 16,Vertical Louver Blinds,,,,,,,,,,,,,,,,,,,,,,,,,,,,,,,,,
12 22 00,Curtains and Drapes,,,,,,,,,,,,,,,,,,,,,,,,,,,,,,,,,
12 24 10,Pleated Shades,,,,,,,,,,,,,,,,,,,,,,,,,,,,,,,,,
12 24 13,Roller Window Shades,,,,,,,,,,,,,,,,,,,,,,,,,,,,,,,,,
12 24 16,Pleated Window Shades,,,,,,,,,,,,,,,,,,,,,,,,,,,,,,,,,
12 32 13,Manufactured Wood-Veneer-Faced Casework,,,,,,,,,,,,,,,,,,,,,,,,,,,,,,,,,
12 32 16,Manufactured Plastic-Laminate-Clad Casework,,,,,,,,,,,,,,,,,,,,,,,,,,,,,,,,,
12 35 30,Residential Casework,,,,,,,,,,,,,,,,,,,,,,,,,,,,,,,,,
12 35 50,Musical Instrument Storage Casework,,,,,,,,,,,,,,,,,,,,,,,,,,,,,,,,,
12 35 53,Metal Laboratory Casework,,,,,,,,,,,,,,,,,,,,,,,,,,,,,,,,,
12 35 53,Plastic-Laminate-Clad Laboratory Casework,,,,,,,,,,,,,,,,,,,,,,,,,,,,,,,,,
12 35 53,Wood Laboratory Casework,,,,,,,,,,,,,,,,,,,,,,,,,,,,,,,,,
12 35 70,Healthcare Casework,,,,,,,,,,,,,,,,,,,,,,,,,,,,,,,,,
12 36 16,Metal Countertops,,05 50 00,,,,,,,,,,,,,,,,,,,,,,,,,,,,,,,
12 36 19,Wood Countertops,,05 50 00,,,,,,,,,,,,,,,,,,,,,,,,,,,,,,,
12 36 23,Plastic-Laminate-Clad Countertops,,05 50 00,,,x,x,,,,,,,,,,,,,,,,,,,,,,,,,,,
12 36 40,Stone Countertops,,05 50 00,,,,,,,,,,,,,,,,,,,,,,,,,,,,,,,
12 36 61,Simulated Stone Countertops,,05 50 00,,,x,x,,,,,,,,,,,,,,,,,,,,,,,,,,,
12 46 19,Clocks,,,,,,,,,,,,,,,,,,,,,,,,,,,,,,,,,
12 48 13,Entrance Floor Mats and Frames,,,,,x,,,,,,,,,,,,,,,,,,,,,,,,,,,,
12 48 16,Entrance Floor Grilles,,,,,x,,,,,,,,,,,,,,,,,,,,,,,,,,,,
12 57 19,Laser Containment Curtains,,,,,,,,,,,,,,,,,,,,,,,,,,,,,,,,,
12 61 00,Fixed Audience Seating,,,,,,,,,,,,,,,,,,,,,,,,,,,,,,,,,
12 63 13,Stadium and Arena Bench Seating,,,,,,,,,,,,,,,,,,,,,,,,,,,,,,,,,
12 63 23,Portable Tower,,,,,,,,,,,,,,,,,,,,,,,,,,,,,,,,,
12 64 16,Banquette Seating,,,,,,,,,,,,,,,,,,,,,,,,,,,,,,,,,
12 66 00,Telescoping Stands,,,,,,,,,,,,,,,,,,,,,,,,,,,,,,,,,
12 92 00,Interior Planters and Artificial Plants,,,,,,,,,,,,,,,,,,,,,,,,,,,,,,,,,
12 93 13,Bicycle Racks,,,,,x,,,,,,,,,,,,,,,,,,,,,,,,,,,,
13 03 00,Controlled Temperature Rooms,,,,,,,,,,,,,,,,,,,,,,,,,,,,,,,,,
13 21 13,Clean Room,,,,,,,,,,,,,,,,,,,,,,,,,,,,,,,,,
13 24 16,Saunas,,,,,,,,,,,,,,,,,,,,,,,,,,,,,,,,,
13 27 00,Vaults,,,,,,,,,,,,,,,,,,,,,,,,,,,,,,,,,
13 34 13,Glazed Structures,,,,,,,,,,,,,,,,,,,,,,,,,,,,,,,,,
13 34 14,Specialty Glazed Cable Net,,,,,,,,,,,,,,,,,,,,,,,,,,,,,,,,,
13 34 16,Grandstands,,,,,,,,,,,,,,,,,,,,,,,,,,,,,,,,,
13 34 19,Metal Building Systems,,,,,,,,,,,,,,,,,,,,,,,,,,,,,,,,,
13 34 23,Fabricated Control Booths,,,,,,,,,,,,,,,,,,,,,,,,,,,,,,,,,
13 34 43,Prefabricated Hazardous Storage Buildings,,,,,,,,,,,,,,,,,,,,,,,,,,,,,,,,,
13 35 13,Rammed Earth Walls,,,,,,,,,,,,,,,,,,,,,,,,,,,,,,,,,
13 42 13,Modular Restroom Units,,,,,,,,,,,,,,,,,,,,,,,,,,,,,,,,,
13 47 13,Cathodic Protection,,,,,,,,,,,,,,,,,,,,,,,,,,,,,,,,,
13 49 00,Radiation Protections,,,,,,,,,,,,,,,,,,,,,,,,,,,,,,,,,
13 49 46,MRI Radio Frequency Enclosure,,,,,,,,,,,,,,,,,,,,,,,,,,,,,,,,,
14 10 00,Dumbwaiters,,,,,,,,,,,,,,,,,,,,,,,,,,,,,,,,,
14 21 00,Electric Traction Elevators,,05 50 00,,,,,,,,,,,,,,,,,,,,,,,,,,,,,,,
14 21 13,Electric Traction Freight Elevators,,05 50 00,,,,,,,,,,,,,,,,,,,,,,,,,,,,,,,
14 21 23,Electric Traction MRL Elevators,,05 50 00,,,x,,,,x,,,,,,,,,,,,,,,,,,,,,,,,
14 24 00,Hydraulic Elevators,,05 50 00,,,,,,,,,,,,,,,,,,,,,,,,,,,,,,,
14 24 13,Hydraulic Freight Elevators,,05 50 00,,,,,,,,,,,,,,,,,,,,,,,,,,,,,,,
14 26 00,Limited-Use-Limited-Application Elevators,,05 50 00,,,,,,,,,,,,,,,,,,,,,,,,,,,,,,,
14 27 00,Elevator Cab Interior Systems,,,,,,,,,,,,,,,,,,,,,,,,,,,,,,,,,
14 28 00,Elevator Modernization,,,,,,,,,,,,,,,,,,,,,,,,,,,,,,,,,
14 31 00,Escalators,,05 50 00,,,,,,,,,,,,,,,,,,,,,,,,,,,,,,,
14 32 00,Moving Walks,,,,,,,,,,,,,,,,,,,,,,,,,,,,,,,,,
14 41 19,Stairway Chairlifts,,,,,,,,,,,,,,,,,,,,,,,,,,,,,,,,,
14 42 00,Wheelchair Lifts,,,,,,,,,,,,,,,,,,,,,,,,,,,,,,,,,
14 91 00,Facility Chutes,,05 50 00,,,,,,,,,,,,,,,,,,,,,,,,,,,,,,,
14 91 33,Laundry and Linen Chutes,,05 50 00,,,,,,,,,,,,,,,,,,,,,,,,,,,,,,,
14 91 82,Trash Chutes,,05 50 00,,,,,,,,,,,,,,,,,,,,,,,,,,,,,,,
14 92 00,Pneumatic Tube System,,,,,,,,,,,,,,,,,,,,,,,,,,,,,,,,,
32 17 13,Parking Bumpers,,,,,,,,,,,,,,,,,,,,,,,,,,,,,,,,,
32 17 26,Tactile Warning Surfacing,,,,,,,,,,,,,,,,,,,,,,,,,,,,,,,,,
32 18 13,Synthetic Grass Surfacing,,,,,,,,,,,,,,,,,,,,,,,,,,,,,,,,,
32 18 16,Playground Protective Surfacing,,,,,,,,,,,,,,,,,,,,,,,,,,,,,,,,,
32 31 13,Chain Link Fences and Gates,,,,,,,,,,,,,,,,,,,,,,,,,,,,,,,,,
32 31 14,High-Security Chain Link Fences and Gates,,,,,,,,,,,,,,,,,,,,,,,,,,,,,,,,,
32 31 16,Welded Wire Fences and Gates,,,,,,,,,,,,,,,,,,,,,,,,,,,,,,,,,
32 31 19,Decorative Metal Fences and Gates,,,,,,,,,,,,,,,,,,,,,,,,,,,,,,,,,
32 31 20,Decorative Metal Security Fences and Gates,,,,,,,,,,,,,,,,,,,,,,,,,,,,,,,,,
32 32 23,Segmental Retaining Walls,,,,,,,,,,,,,,,,,,,,,,,,,,,,,,,,,
32 33 00,Site Furnishings,,,,,,,,,,,,,,,,,,,,,,,,,,,,,,,,,
32 84 00,Planting Irrigation,,,,,,,,,,,,,,,,,,,,,,,,,,,,,,,,,
32 91 13,Soil Preparation,,,,,,,,,,,,,,,,,,,,,,,,,,,,,,,,,
32 92 00,Turf and Grasses,,,,,,,,,,,,,,,,,,,,,,,,,,,,,,,,,
32 93 00,Plants,,,,,,,,,,,,,,,,,,,,,,,,,,,,,,,,,
32 96 00,Transplanting,,,,,,,,,,,,,,,,,,,,,,,,,,,,,,,,,
